query_text,storeview_id,store_id,website_id,redirect,display_in_terms,is_external
Hugo Boss,2,,,/brands/hugo-boss,1,0
Hugo boss,2,,,/brands/hugo-boss,1,0
Hugo,2,,,/brands/hugo-boss,1,0
Boss,2,,,/brands/hugo-boss,1,0
HugoBoss,2,,,/brands/hugo-boss,1,0
Hugo BOSS,2,,,/brands/hugo-boss,1,0
HugoBos,2,,,/brands/hugo-boss,1,0
Hugo Bbos,2,,,/brands/hugo-boss,1,0
Huge Boss,2,,,/brands/hugo-boss,1,0
Hogo Boss,2,,,/brands/hugo-boss,1,0
Hugo B0ss,2,,,/brands/hugo-boss,1,0
Boss Hugo,2,,,/brands/hugo-boss,1,0
Hugo Boss,3,,,/brands/hugo-boss,1,0
Hugo boss,3,,,/brands/hugo-boss,1,0
Hugo,3,,,/brands/hugo-boss,1,0
Boss,3,,,/brands/hugo-boss,1,0
HugoBoss,3,,,/brands/hugo-boss,1,0
Hugo BOSS,3,,,/brands/hugo-boss,1,0
HugoBos,3,,,/brands/hugo-boss,1,0
Hugo Bbos,3,,,/brands/hugo-boss,1,0
Huge Boss,3,,,/brands/hugo-boss,1,0
Hogo Boss,3,,,/brands/hugo-boss,1,0
Hugo B0ss,3,,,/brands/hugo-boss,1,0
Boss Hugo,3,,,/brands/hugo-boss,1,0
Hugo Boss,4,,,/brands/hugo-boss,1,0
Hugo boss,4,,,/brands/hugo-boss,1,0
Hugo,4,,,/brands/hugo-boss,1,0
Boss,4,,,/brands/hugo-boss,1,0
HugoBoss,4,,,/brands/hugo-boss,1,0
Hugo BOSS,4,,,/brands/hugo-boss,1,0
HugoBos,4,,,/brands/hugo-boss,1,0
Hugo Bbos,4,,,/brands/hugo-boss,1,0
Huge Boss,4,,,/brands/hugo-boss,1,0
Hogo Boss,4,,,/brands/hugo-boss,1,0
Hugo B0ss,4,,,/brands/hugo-boss,1,0
Boss Hugo,4,,,/brands/hugo-boss,1,0
Hugo Boss,5,,,/brands/hugo-boss,1,0
Hugo boss,5,,,/brands/hugo-boss,1,0
Hugo,5,,,/brands/hugo-boss,1,0
Boss,5,,,/brands/hugo-boss,1,0
HugoBoss,5,,,/brands/hugo-boss,1,0
Hugo BOSS,5,,,/brands/hugo-boss,1,0
HugoBos,5,,,/brands/hugo-boss,1,0
Hugo Bbos,5,,,/brands/hugo-boss,1,0
Huge Boss,5,,,/brands/hugo-boss,1,0
Hogo Boss,5,,,/brands/hugo-boss,1,0
Hugo B0ss,5,,,/brands/hugo-boss,1,0
Boss Hugo,5,,,/brands/hugo-boss,1,0
Hugo Boss,6,,,/brands/hugo-boss,1,0
Hugo boss,6,,,/brands/hugo-boss,1,0
Hugo,6,,,/brands/hugo-boss,1,0
Boss,6,,,/brands/hugo-boss,1,0
HugoBoss,6,,,/brands/hugo-boss,1,0
Hugo BOSS,6,,,/brands/hugo-boss,1,0
HugoBos,6,,,/brands/hugo-boss,1,0
Hugo Bbos,6,,,/brands/hugo-boss,1,0
Huge Boss,6,,,/brands/hugo-boss,1,0
Hogo Boss,6,,,/brands/hugo-boss,1,0
Hugo B0ss,6,,,/brands/hugo-boss,1,0
Boss Hugo,6,,,/brands/hugo-boss,1,0
Hugo Boss,7,,,/brands/hugo-boss,1,0
Hugo boss,7,,,/brands/hugo-boss,1,0
Hugo,7,,,/brands/hugo-boss,1,0
Boss,7,,,/brands/hugo-boss,1,0
HugoBoss,7,,,/brands/hugo-boss,1,0
Hugo BOSS,7,,,/brands/hugo-boss,1,0
HugoBos,7,,,/brands/hugo-boss,1,0
Hugo Bbos,7,,,/brands/hugo-boss,1,0
Huge Boss,7,,,/brands/hugo-boss,1,0
Hogo Boss,7,,,/brands/hugo-boss,1,0
Hugo B0ss,7,,,/brands/hugo-boss,1,0
Boss Hugo,7,,,/brands/hugo-boss,1,0
Hugo Boss,8,,,/brands/hugo-boss,1,0
Hugo boss,8,,,/brands/hugo-boss,1,0
Hugo,8,,,/brands/hugo-boss,1,0
Boss,8,,,/brands/hugo-boss,1,0
HugoBoss,8,,,/brands/hugo-boss,1,0
Hugo BOSS,8,,,/brands/hugo-boss,1,0
HugoBos,8,,,/brands/hugo-boss,1,0
Hugo Bbos,8,,,/brands/hugo-boss,1,0
Huge Boss,8,,,/brands/hugo-boss,1,0
Hogo Boss,8,,,/brands/hugo-boss,1,0
Hugo B0ss,8,,,/brands/hugo-boss,1,0
Boss Hugo,8,,,/brands/hugo-boss,1,0
Hugo Boss,9,,,/brands/hugo-boss,1,0
Hugo boss,9,,,/brands/hugo-boss,1,0
Hugo,9,,,/brands/hugo-boss,1,0
Boss,9,,,/brands/hugo-boss,1,0
HugoBoss,9,,,/brands/hugo-boss,1,0
Hugo BOSS,9,,,/brands/hugo-boss,1,0
HugoBos,9,,,/brands/hugo-boss,1,0
Hugo Bbos,9,,,/brands/hugo-boss,1,0
Huge Boss,9,,,/brands/hugo-boss,1,0
Hogo Boss,9,,,/brands/hugo-boss,1,0
Hugo B0ss,9,,,/brands/hugo-boss,1,0
Boss Hugo,9,,,/brands/hugo-boss,1,0
Hugo Boss,10,,,/brands/hugo-boss,1,0
Hugo boss,10,,,/brands/hugo-boss,1,0
Hugo,10,,,/brands/hugo-boss,1,0
Boss,10,,,/brands/hugo-boss,1,0
HugoBoss,10,,,/brands/hugo-boss,1,0
Hugo BOSS,10,,,/brands/hugo-boss,1,0
HugoBos,10,,,/brands/hugo-boss,1,0
Hugo Bbos,10,,,/brands/hugo-boss,1,0
Huge Boss,10,,,/brands/hugo-boss,1,0
Hogo Boss,10,,,/brands/hugo-boss,1,0
Hugo B0ss,10,,,/brands/hugo-boss,1,0
Boss Hugo,10,,,/brands/hugo-boss,1,0
Hugo Boss,11,,,/brands/hugo-boss,1,0
Hugo boss,11,,,/brands/hugo-boss,1,0
Hugo,11,,,/brands/hugo-boss,1,0
Boss,11,,,/brands/hugo-boss,1,0
HugoBoss,11,,,/brands/hugo-boss,1,0
Hugo BOSS,11,,,/brands/hugo-boss,1,0
HugoBos,11,,,/brands/hugo-boss,1,0
Hugo Bbos,11,,,/brands/hugo-boss,1,0
Huge Boss,11,,,/brands/hugo-boss,1,0
Hogo Boss,11,,,/brands/hugo-boss,1,0
Hugo B0ss,11,,,/brands/hugo-boss,1,0
Boss Hugo,11,,,/brands/hugo-boss,1,0
Hugo Boss,12,,,/brands/hugo-boss,1,0
Hugo boss,12,,,/brands/hugo-boss,1,0
Hugo,12,,,/brands/hugo-boss,1,0
Boss,12,,,/brands/hugo-boss,1,0
HugoBoss,12,,,/brands/hugo-boss,1,0
Hugo BOSS,12,,,/brands/hugo-boss,1,0
HugoBos,12,,,/brands/hugo-boss,1,0
Hugo Bbos,12,,,/brands/hugo-boss,1,0
Huge Boss,12,,,/brands/hugo-boss,1,0
Hogo Boss,12,,,/brands/hugo-boss,1,0
Hugo B0ss,12,,,/brands/hugo-boss,1,0
Boss Hugo,12,,,/brands/hugo-boss,1,0
Hugo Boss,13,,,/brands/hugo-boss,1,0
Hugo boss,13,,,/brands/hugo-boss,1,0
Hugo,13,,,/brands/hugo-boss,1,0
Boss,13,,,/brands/hugo-boss,1,0
HugoBoss,13,,,/brands/hugo-boss,1,0
Hugo BOSS,13,,,/brands/hugo-boss,1,0
HugoBos,13,,,/brands/hugo-boss,1,0
Hugo Bbos,13,,,/brands/hugo-boss,1,0
Huge Boss,13,,,/brands/hugo-boss,1,0
Hogo Boss,13,,,/brands/hugo-boss,1,0
Hugo B0ss,13,,,/brands/hugo-boss,1,0
Boss Hugo,13,,,/brands/hugo-boss,1,0
Hugo Boss,14,,,/brands/hugo-boss,1,0
Hugo boss,14,,,/brands/hugo-boss,1,0
Hugo,14,,,/brands/hugo-boss,1,0
Boss,14,,,/brands/hugo-boss,1,0
HugoBoss,14,,,/brands/hugo-boss,1,0
Hugo BOSS,14,,,/brands/hugo-boss,1,0
HugoBos,14,,,/brands/hugo-boss,1,0
Hugo Bbos,14,,,/brands/hugo-boss,1,0
Huge Boss,14,,,/brands/hugo-boss,1,0
Hogo Boss,14,,,/brands/hugo-boss,1,0
Hugo B0ss,14,,,/brands/hugo-boss,1,0
Boss Hugo,14,,,/brands/hugo-boss,1,0
Hugo Boss,15,,,/brands/hugo-boss,1,0
Hugo boss,15,,,/brands/hugo-boss,1,0
Hugo,15,,,/brands/hugo-boss,1,0
Boss,15,,,/brands/hugo-boss,1,0
HugoBoss,15,,,/brands/hugo-boss,1,0
Hugo BOSS,15,,,/brands/hugo-boss,1,0
HugoBos,15,,,/brands/hugo-boss,1,0
Hugo Bbos,15,,,/brands/hugo-boss,1,0
Huge Boss,15,,,/brands/hugo-boss,1,0
Hogo Boss,15,,,/brands/hugo-boss,1,0
Hugo B0ss,15,,,/brands/hugo-boss,1,0
Boss Hugo,15,,,/brands/hugo-boss,1,0
Hugo Boss,16,,,/brands/hugo-boss,1,0
Hugo boss,16,,,/brands/hugo-boss,1,0
Hugo,16,,,/brands/hugo-boss,1,0
Boss,16,,,/brands/hugo-boss,1,0
HugoBoss,16,,,/brands/hugo-boss,1,0
Hugo BOSS,16,,,/brands/hugo-boss,1,0
HugoBos,16,,,/brands/hugo-boss,1,0
Hugo Bbos,16,,,/brands/hugo-boss,1,0
Huge Boss,16,,,/brands/hugo-boss,1,0
Hogo Boss,16,,,/brands/hugo-boss,1,0
Hugo B0ss,16,,,/brands/hugo-boss,1,0
Boss Hugo,16,,,/brands/hugo-boss,1,0
Hugo Boss,17,,,/brands/hugo-boss,1,0
Hugo boss,17,,,/brands/hugo-boss,1,0
Hugo,17,,,/brands/hugo-boss,1,0
Boss,17,,,/brands/hugo-boss,1,0
HugoBoss,17,,,/brands/hugo-boss,1,0
Hugo BOSS,17,,,/brands/hugo-boss,1,0
HugoBos,17,,,/brands/hugo-boss,1,0
Hugo Bbos,17,,,/brands/hugo-boss,1,0
Huge Boss,17,,,/brands/hugo-boss,1,0
Hogo Boss,17,,,/brands/hugo-boss,1,0
Hugo B0ss,17,,,/brands/hugo-boss,1,0
Boss Hugo,17,,,/brands/hugo-boss,1,0
Hugo Boss,18,,,/brands/hugo-boss,1,0
Hugo boss,18,,,/brands/hugo-boss,1,0
Hugo,18,,,/brands/hugo-boss,1,0
Boss,18,,,/brands/hugo-boss,1,0
HugoBoss,18,,,/brands/hugo-boss,1,0
Hugo BOSS,18,,,/brands/hugo-boss,1,0
HugoBos,18,,,/brands/hugo-boss,1,0
Hugo Bbos,18,,,/brands/hugo-boss,1,0
Huge Boss,18,,,/brands/hugo-boss,1,0
Hogo Boss,18,,,/brands/hugo-boss,1,0
Hugo B0ss,18,,,/brands/hugo-boss,1,0
Boss Hugo,18,,,/brands/hugo-boss,1,0
Hugo Boss,19,,,/brands/hugo-boss,1,0
Hugo boss,19,,,/brands/hugo-boss,1,0
Hugo,19,,,/brands/hugo-boss,1,0
Boss,19,,,/brands/hugo-boss,1,0
HugoBoss,19,,,/brands/hugo-boss,1,0
Hugo BOSS,19,,,/brands/hugo-boss,1,0
HugoBos,19,,,/brands/hugo-boss,1,0
Hugo Bbos,19,,,/brands/hugo-boss,1,0
Huge Boss,19,,,/brands/hugo-boss,1,0
Hogo Boss,19,,,/brands/hugo-boss,1,0
Hugo B0ss,19,,,/brands/hugo-boss,1,0
Boss Hugo,19,,,/brands/hugo-boss,1,0
Hugo Boss,20,,,/brands/hugo-boss,1,0
Hugo boss,20,,,/brands/hugo-boss,1,0
Hugo,20,,,/brands/hugo-boss,1,0
Boss,20,,,/brands/hugo-boss,1,0
HugoBoss,20,,,/brands/hugo-boss,1,0
Hugo BOSS,20,,,/brands/hugo-boss,1,0
HugoBos,20,,,/brands/hugo-boss,1,0
Hugo Bbos,20,,,/brands/hugo-boss,1,0
Huge Boss,20,,,/brands/hugo-boss,1,0
Hogo Boss,20,,,/brands/hugo-boss,1,0
Hugo B0ss,20,,,/brands/hugo-boss,1,0
Boss Hugo,20,,,/brands/hugo-boss,1,0
Hugo Boss,22,,,/brands/hugo-boss,1,0
Hugo boss,22,,,/brands/hugo-boss,1,0
Hugo,22,,,/brands/hugo-boss,1,0
Boss,22,,,/brands/hugo-boss,1,0
HugoBoss,22,,,/brands/hugo-boss,1,0
Hugo BOSS,22,,,/brands/hugo-boss,1,0
HugoBos,22,,,/brands/hugo-boss,1,0
Hugo Bbos,22,,,/brands/hugo-boss,1,0
Huge Boss,22,,,/brands/hugo-boss,1,0
Hogo Boss,22,,,/brands/hugo-boss,1,0
Hugo B0ss,22,,,/brands/hugo-boss,1,0
Boss Hugo,22,,,/brands/hugo-boss,1,0
Hugo Boss,23,,,/brands/hugo-boss,1,0
Hugo boss,23,,,/brands/hugo-boss,1,0
Hugo,23,,,/brands/hugo-boss,1,0
Boss,23,,,/brands/hugo-boss,1,0
HugoBoss,23,,,/brands/hugo-boss,1,0
Hugo BOSS,23,,,/brands/hugo-boss,1,0
HugoBos,23,,,/brands/hugo-boss,1,0
Hugo Bbos,23,,,/brands/hugo-boss,1,0
Huge Boss,23,,,/brands/hugo-boss,1,0
Hogo Boss,23,,,/brands/hugo-boss,1,0
Hugo B0ss,23,,,/brands/hugo-boss,1,0
Boss Hugo,23,,,/brands/hugo-boss,1,0
Hugo Boss,24,,,/brands/hugo-boss,1,0
Hugo boss,24,,,/brands/hugo-boss,1,0
Hugo,24,,,/brands/hugo-boss,1,0
Boss,24,,,/brands/hugo-boss,1,0
HugoBoss,24,,,/brands/hugo-boss,1,0
Hugo BOSS,24,,,/brands/hugo-boss,1,0
HugoBos,24,,,/brands/hugo-boss,1,0
Hugo Bbos,24,,,/brands/hugo-boss,1,0
Huge Boss,24,,,/brands/hugo-boss,1,0
Hogo Boss,24,,,/brands/hugo-boss,1,0
Hugo B0ss,24,,,/brands/hugo-boss,1,0
Boss Hugo,24,,,/brands/hugo-boss,1,0
Hugo Boss,25,,,/brands/hugo-boss,1,0
Hugo boss,25,,,/brands/hugo-boss,1,0
Hugo,25,,,/brands/hugo-boss,1,0
Boss,25,,,/brands/hugo-boss,1,0
HugoBoss,25,,,/brands/hugo-boss,1,0
Hugo BOSS,25,,,/brands/hugo-boss,1,0
HugoBos,25,,,/brands/hugo-boss,1,0
Hugo Bbos,25,,,/brands/hugo-boss,1,0
Huge Boss,25,,,/brands/hugo-boss,1,0
Hogo Boss,25,,,/brands/hugo-boss,1,0
Hugo B0ss,25,,,/brands/hugo-boss,1,0
Boss Hugo,25,,,/brands/hugo-boss,1,0
Hugo Boss,26,,,/brands/hugo-boss,1,0
Hugo boss,26,,,/brands/hugo-boss,1,0
Hugo,26,,,/brands/hugo-boss,1,0
Boss,26,,,/brands/hugo-boss,1,0
HugoBoss,26,,,/brands/hugo-boss,1,0
Hugo BOSS,26,,,/brands/hugo-boss,1,0
HugoBos,26,,,/brands/hugo-boss,1,0
Hugo Bbos,26,,,/brands/hugo-boss,1,0
Huge Boss,26,,,/brands/hugo-boss,1,0
Hogo Boss,26,,,/brands/hugo-boss,1,0
Hugo B0ss,26,,,/brands/hugo-boss,1,0
Boss Hugo,26,,,/brands/hugo-boss,1,0
Hugo Boss,27,,,/brands/hugo-boss,1,0
Hugo boss,27,,,/brands/hugo-boss,1,0
Hugo,27,,,/brands/hugo-boss,1,0
Boss,27,,,/brands/hugo-boss,1,0
HugoBoss,27,,,/brands/hugo-boss,1,0
Hugo BOSS,27,,,/brands/hugo-boss,1,0
HugoBos,27,,,/brands/hugo-boss,1,0
Hugo Bbos,27,,,/brands/hugo-boss,1,0
Huge Boss,27,,,/brands/hugo-boss,1,0
Hogo Boss,27,,,/brands/hugo-boss,1,0
Hugo B0ss,27,,,/brands/hugo-boss,1,0
Boss Hugo,27,,,/brands/hugo-boss,1,0
Hugo Boss,28,,,/brands/hugo-boss,1,0
Hugo boss,28,,,/brands/hugo-boss,1,0
Hugo,28,,,/brands/hugo-boss,1,0
Boss,28,,,/brands/hugo-boss,1,0
HugoBoss,28,,,/brands/hugo-boss,1,0
Hugo BOSS,28,,,/brands/hugo-boss,1,0
HugoBos,28,,,/brands/hugo-boss,1,0
Hugo Bbos,28,,,/brands/hugo-boss,1,0
Huge Boss,28,,,/brands/hugo-boss,1,0
Hogo Boss,28,,,/brands/hugo-boss,1,0
Hugo B0ss,28,,,/brands/hugo-boss,1,0
Boss Hugo,28,,,/brands/hugo-boss,1,0
Hugo Boss,29,,,/brands/hugo-boss,1,0
Hugo boss,29,,,/brands/hugo-boss,1,0
Hugo,29,,,/brands/hugo-boss,1,0
Boss,29,,,/brands/hugo-boss,1,0
HugoBoss,29,,,/brands/hugo-boss,1,0
Hugo BOSS,29,,,/brands/hugo-boss,1,0
HugoBos,29,,,/brands/hugo-boss,1,0
Hugo Bbos,29,,,/brands/hugo-boss,1,0
Huge Boss,29,,,/brands/hugo-boss,1,0
Hogo Boss,29,,,/brands/hugo-boss,1,0
Hugo B0ss,29,,,/brands/hugo-boss,1,0
Boss Hugo,29,,,/brands/hugo-boss,1,0
Hugo Boss,30,,,/brands/hugo-boss,1,0
Hugo boss,30,,,/brands/hugo-boss,1,0
Hugo,30,,,/brands/hugo-boss,1,0
Boss,30,,,/brands/hugo-boss,1,0
HugoBoss,30,,,/brands/hugo-boss,1,0
Hugo BOSS,30,,,/brands/hugo-boss,1,0
HugoBos,30,,,/brands/hugo-boss,1,0
Hugo Bbos,30,,,/brands/hugo-boss,1,0
Huge Boss,30,,,/brands/hugo-boss,1,0
Hogo Boss,30,,,/brands/hugo-boss,1,0
Hugo B0ss,30,,,/brands/hugo-boss,1,0
Boss Hugo,30,,,/brands/hugo-boss,1,0
Hugo Boss,31,,,/brands/hugo-boss,1,0
Hugo boss,31,,,/brands/hugo-boss,1,0
Hugo,31,,,/brands/hugo-boss,1,0
Boss,31,,,/brands/hugo-boss,1,0
HugoBoss,31,,,/brands/hugo-boss,1,0
Hugo BOSS,31,,,/brands/hugo-boss,1,0
HugoBos,31,,,/brands/hugo-boss,1,0
Hugo Bbos,31,,,/brands/hugo-boss,1,0
Huge Boss,31,,,/brands/hugo-boss,1,0
Hogo Boss,31,,,/brands/hugo-boss,1,0
Hugo B0ss,31,,,/brands/hugo-boss,1,0
Boss Hugo,31,,,/brands/hugo-boss,1,0
Hugo Boss,32,,,/brands/hugo-boss,1,0
Hugo boss,32,,,/brands/hugo-boss,1,0
Hugo,32,,,/brands/hugo-boss,1,0
Boss,32,,,/brands/hugo-boss,1,0
HugoBoss,32,,,/brands/hugo-boss,1,0
Hugo BOSS,32,,,/brands/hugo-boss,1,0
HugoBos,32,,,/brands/hugo-boss,1,0
Hugo Bbos,32,,,/brands/hugo-boss,1,0
Huge Boss,32,,,/brands/hugo-boss,1,0
Hogo Boss,32,,,/brands/hugo-boss,1,0
Hugo B0ss,32,,,/brands/hugo-boss,1,0
Boss Hugo,32,,,/brands/hugo-boss,1,0
Hugo Boss,33,,,/brands/hugo-boss,1,0
Hugo boss,33,,,/brands/hugo-boss,1,0
Hugo,33,,,/brands/hugo-boss,1,0
Boss,33,,,/brands/hugo-boss,1,0
HugoBoss,33,,,/brands/hugo-boss,1,0
Hugo BOSS,33,,,/brands/hugo-boss,1,0
HugoBos,33,,,/brands/hugo-boss,1,0
Hugo Bbos,33,,,/brands/hugo-boss,1,0
Huge Boss,33,,,/brands/hugo-boss,1,0
Hogo Boss,33,,,/brands/hugo-boss,1,0
Hugo B0ss,33,,,/brands/hugo-boss,1,0
Boss Hugo,33,,,/brands/hugo-boss,1,0
Hugo Boss,34,,,/brands/hugo-boss,1,0
Hugo boss,34,,,/brands/hugo-boss,1,0
Hugo,34,,,/brands/hugo-boss,1,0
Boss,34,,,/brands/hugo-boss,1,0
HugoBoss,34,,,/brands/hugo-boss,1,0
Hugo BOSS,34,,,/brands/hugo-boss,1,0
HugoBos,34,,,/brands/hugo-boss,1,0
Hugo Bbos,34,,,/brands/hugo-boss,1,0
Huge Boss,34,,,/brands/hugo-boss,1,0
Hogo Boss,34,,,/brands/hugo-boss,1,0
Hugo B0ss,34,,,/brands/hugo-boss,1,0
Boss Hugo,34,,,/brands/hugo-boss,1,0
Hugo Boss,36,,,/brands/hugo-boss,1,0
Hugo boss,36,,,/brands/hugo-boss,1,0
Hugo,36,,,/brands/hugo-boss,1,0
Boss,36,,,/brands/hugo-boss,1,0
HugoBoss,36,,,/brands/hugo-boss,1,0
Hugo BOSS,36,,,/brands/hugo-boss,1,0
HugoBos,36,,,/brands/hugo-boss,1,0
Hugo Bbos,36,,,/brands/hugo-boss,1,0
Huge Boss,36,,,/brands/hugo-boss,1,0
Hogo Boss,36,,,/brands/hugo-boss,1,0
Hugo B0ss,36,,,/brands/hugo-boss,1,0
Boss Hugo,36,,,/brands/hugo-boss,1,0
Hugo Boss,37,,,/brands/hugo-boss,1,0
Hugo boss,37,,,/brands/hugo-boss,1,0
Hugo,37,,,/brands/hugo-boss,1,0
Boss,37,,,/brands/hugo-boss,1,0
HugoBoss,37,,,/brands/hugo-boss,1,0
Hugo BOSS,37,,,/brands/hugo-boss,1,0
HugoBos,37,,,/brands/hugo-boss,1,0
Hugo Bbos,37,,,/brands/hugo-boss,1,0
Huge Boss,37,,,/brands/hugo-boss,1,0
Hogo Boss,37,,,/brands/hugo-boss,1,0
Hugo B0ss,37,,,/brands/hugo-boss,1,0
Boss Hugo,37,,,/brands/hugo-boss,1,0
Hugo Boss,38,,,/brands/hugo-boss,1,0
Hugo boss,38,,,/brands/hugo-boss,1,0
Hugo,38,,,/brands/hugo-boss,1,0
Boss,38,,,/brands/hugo-boss,1,0
HugoBoss,38,,,/brands/hugo-boss,1,0
Hugo BOSS,38,,,/brands/hugo-boss,1,0
HugoBos,38,,,/brands/hugo-boss,1,0
Hugo Bbos,38,,,/brands/hugo-boss,1,0
Huge Boss,38,,,/brands/hugo-boss,1,0
Hogo Boss,38,,,/brands/hugo-boss,1,0
Hugo B0ss,38,,,/brands/hugo-boss,1,0
Boss Hugo,38,,,/brands/hugo-boss,1,0
Hugo Boss,39,,,/brands/hugo-boss,1,0
Hugo boss,39,,,/brands/hugo-boss,1,0
Hugo,39,,,/brands/hugo-boss,1,0
Boss,39,,,/brands/hugo-boss,1,0
HugoBoss,39,,,/brands/hugo-boss,1,0
Hugo BOSS,39,,,/brands/hugo-boss,1,0
HugoBos,39,,,/brands/hugo-boss,1,0
Hugo Bbos,39,,,/brands/hugo-boss,1,0
Huge Boss,39,,,/brands/hugo-boss,1,0
Hogo Boss,39,,,/brands/hugo-boss,1,0
Hugo B0ss,39,,,/brands/hugo-boss,1,0
Boss Hugo,39,,,/brands/hugo-boss,1,0
Hugo Boss,40,,,/brands/hugo-boss,1,0
Hugo boss,40,,,/brands/hugo-boss,1,0
Hugo,40,,,/brands/hugo-boss,1,0
Boss,40,,,/brands/hugo-boss,1,0
HugoBoss,40,,,/brands/hugo-boss,1,0
Hugo BOSS,40,,,/brands/hugo-boss,1,0
HugoBos,40,,,/brands/hugo-boss,1,0
Hugo Bbos,40,,,/brands/hugo-boss,1,0
Huge Boss,40,,,/brands/hugo-boss,1,0
Hogo Boss,40,,,/brands/hugo-boss,1,0
Hugo B0ss,40,,,/brands/hugo-boss,1,0
Boss Hugo,40,,,/brands/hugo-boss,1,0
Hugo Boss,41,,,/brands/hugo-boss,1,0
Hugo boss,41,,,/brands/hugo-boss,1,0
Hugo,41,,,/brands/hugo-boss,1,0
Boss,41,,,/brands/hugo-boss,1,0
HugoBoss,41,,,/brands/hugo-boss,1,0
Hugo BOSS,41,,,/brands/hugo-boss,1,0
HugoBos,41,,,/brands/hugo-boss,1,0
Hugo Bbos,41,,,/brands/hugo-boss,1,0
Huge Boss,41,,,/brands/hugo-boss,1,0
Hogo Boss,41,,,/brands/hugo-boss,1,0
Hugo B0ss,41,,,/brands/hugo-boss,1,0
Boss Hugo,41,,,/brands/hugo-boss,1,0
Hugo Boss,42,,,/brands/hugo-boss,1,0
Hugo boss,42,,,/brands/hugo-boss,1,0
Hugo,42,,,/brands/hugo-boss,1,0
Boss,42,,,/brands/hugo-boss,1,0
HugoBoss,42,,,/brands/hugo-boss,1,0
Hugo BOSS,42,,,/brands/hugo-boss,1,0
HugoBos,42,,,/brands/hugo-boss,1,0
Hugo Bbos,42,,,/brands/hugo-boss,1,0
Huge Boss,42,,,/brands/hugo-boss,1,0
Hogo Boss,42,,,/brands/hugo-boss,1,0
Hugo B0ss,42,,,/brands/hugo-boss,1,0
Boss Hugo,42,,,/brands/hugo-boss,1,0
Hugo Boss,47,,,/brands/hugo-boss,1,0
Hugo boss,47,,,/brands/hugo-boss,1,0
Hugo,47,,,/brands/hugo-boss,1,0
Boss,47,,,/brands/hugo-boss,1,0
HugoBoss,47,,,/brands/hugo-boss,1,0
Hugo BOSS,47,,,/brands/hugo-boss,1,0
HugoBos,47,,,/brands/hugo-boss,1,0
Hugo Bbos,47,,,/brands/hugo-boss,1,0
Huge Boss,47,,,/brands/hugo-boss,1,0
Hogo Boss,47,,,/brands/hugo-boss,1,0
Hugo B0ss,47,,,/brands/hugo-boss,1,0
Boss Hugo,47,,,/brands/hugo-boss,1,0
Hugo Boss,48,,,/brands/hugo-boss,1,0
Hugo boss,48,,,/brands/hugo-boss,1,0
Hugo,48,,,/brands/hugo-boss,1,0
Boss,48,,,/brands/hugo-boss,1,0
HugoBoss,48,,,/brands/hugo-boss,1,0
Hugo BOSS,48,,,/brands/hugo-boss,1,0
HugoBos,48,,,/brands/hugo-boss,1,0
Hugo Bbos,48,,,/brands/hugo-boss,1,0
Huge Boss,48,,,/brands/hugo-boss,1,0
Hogo Boss,48,,,/brands/hugo-boss,1,0
Hugo B0ss,48,,,/brands/hugo-boss,1,0
Boss Hugo,48,,,/brands/hugo-boss,1,0
Hugo Boss,49,,,/brands/hugo-boss,1,0
Hugo boss,49,,,/brands/hugo-boss,1,0
Hugo,49,,,/brands/hugo-boss,1,0
Boss,49,,,/brands/hugo-boss,1,0
HugoBoss,49,,,/brands/hugo-boss,1,0
Hugo BOSS,49,,,/brands/hugo-boss,1,0
HugoBos,49,,,/brands/hugo-boss,1,0
Hugo Bbos,49,,,/brands/hugo-boss,1,0
Huge Boss,49,,,/brands/hugo-boss,1,0
Hogo Boss,49,,,/brands/hugo-boss,1,0
Hugo B0ss,49,,,/brands/hugo-boss,1,0
Boss Hugo,49,,,/brands/hugo-boss,1,0
Hugo Boss,50,,,/brands/hugo-boss,1,0
Hugo boss,50,,,/brands/hugo-boss,1,0
Hugo,50,,,/brands/hugo-boss,1,0
Boss,50,,,/brands/hugo-boss,1,0
HugoBoss,50,,,/brands/hugo-boss,1,0
Hugo BOSS,50,,,/brands/hugo-boss,1,0
HugoBos,50,,,/brands/hugo-boss,1,0
Hugo Bbos,50,,,/brands/hugo-boss,1,0
Huge Boss,50,,,/brands/hugo-boss,1,0
Hogo Boss,50,,,/brands/hugo-boss,1,0
Hugo B0ss,50,,,/brands/hugo-boss,1,0
Boss Hugo,50,,,/brands/hugo-boss,1,0
Hugo Boss,51,,,/brands/hugo-boss,1,0
Hugo boss,51,,,/brands/hugo-boss,1,0
Hugo,51,,,/brands/hugo-boss,1,0
Boss,51,,,/brands/hugo-boss,1,0
HugoBoss,51,,,/brands/hugo-boss,1,0
Hugo BOSS,51,,,/brands/hugo-boss,1,0
HugoBos,51,,,/brands/hugo-boss,1,0
Hugo Bbos,51,,,/brands/hugo-boss,1,0
Huge Boss,51,,,/brands/hugo-boss,1,0
Hogo Boss,51,,,/brands/hugo-boss,1,0
Hugo B0ss,51,,,/brands/hugo-boss,1,0
Boss Hugo,51,,,/brands/hugo-boss,1,0
Hugo Boss,53,,,/brands/hugo-boss,1,0
Hugo boss,53,,,/brands/hugo-boss,1,0
Hugo,53,,,/brands/hugo-boss,1,0
Boss,53,,,/brands/hugo-boss,1,0
HugoBoss,53,,,/brands/hugo-boss,1,0
Hugo BOSS,53,,,/brands/hugo-boss,1,0
HugoBos,53,,,/brands/hugo-boss,1,0
Hugo Bbos,53,,,/brands/hugo-boss,1,0
Huge Boss,53,,,/brands/hugo-boss,1,0
Hogo Boss,53,,,/brands/hugo-boss,1,0
Hugo B0ss,53,,,/brands/hugo-boss,1,0
Boss Hugo,53,,,/brands/hugo-boss,1,0
Hugo Boss,55,,,/brands/hugo-boss,1,0
Hugo boss,55,,,/brands/hugo-boss,1,0
Hugo,55,,,/brands/hugo-boss,1,0
Boss,55,,,/brands/hugo-boss,1,0
HugoBoss,55,,,/brands/hugo-boss,1,0
Hugo BOSS,55,,,/brands/hugo-boss,1,0
HugoBos,55,,,/brands/hugo-boss,1,0
Hugo Bbos,55,,,/brands/hugo-boss,1,0
Huge Boss,55,,,/brands/hugo-boss,1,0
Hogo Boss,55,,,/brands/hugo-boss,1,0
Hugo B0ss,55,,,/brands/hugo-boss,1,0
Boss Hugo,55,,,/brands/hugo-boss,1,0
Hugo Boss,57,,,/brands/hugo-boss,1,0
Hugo boss,57,,,/brands/hugo-boss,1,0
Hugo,57,,,/brands/hugo-boss,1,0
Boss,57,,,/brands/hugo-boss,1,0
HugoBoss,57,,,/brands/hugo-boss,1,0
Hugo BOSS,57,,,/brands/hugo-boss,1,0
HugoBos,57,,,/brands/hugo-boss,1,0
Hugo Bbos,57,,,/brands/hugo-boss,1,0
Huge Boss,57,,,/brands/hugo-boss,1,0
Hogo Boss,57,,,/brands/hugo-boss,1,0
Hugo B0ss,57,,,/brands/hugo-boss,1,0
Boss Hugo,57,,,/brands/hugo-boss,1,0
Hugo Boss,59,,,/brands/hugo-boss,1,0
Hugo boss,59,,,/brands/hugo-boss,1,0
Hugo,59,,,/brands/hugo-boss,1,0
Boss,59,,,/brands/hugo-boss,1,0
HugoBoss,59,,,/brands/hugo-boss,1,0
Hugo BOSS,59,,,/brands/hugo-boss,1,0
HugoBos,59,,,/brands/hugo-boss,1,0
Hugo Bbos,59,,,/brands/hugo-boss,1,0
Huge Boss,59,,,/brands/hugo-boss,1,0
Hogo Boss,59,,,/brands/hugo-boss,1,0
Hugo B0ss,59,,,/brands/hugo-boss,1,0
Boss Hugo,59,,,/brands/hugo-boss,1,0
Hugo Boss,60,,,/brands/hugo-boss,1,0
Hugo boss,60,,,/brands/hugo-boss,1,0
Hugo,60,,,/brands/hugo-boss,1,0
Boss,60,,,/brands/hugo-boss,1,0
HugoBoss,60,,,/brands/hugo-boss,1,0
Hugo BOSS,60,,,/brands/hugo-boss,1,0
HugoBos,60,,,/brands/hugo-boss,1,0
Hugo Bbos,60,,,/brands/hugo-boss,1,0
Huge Boss,60,,,/brands/hugo-boss,1,0
Hogo Boss,60,,,/brands/hugo-boss,1,0
Hugo B0ss,60,,,/brands/hugo-boss,1,0
Boss Hugo,60,,,/brands/hugo-boss,1,0
Hugo Boss,61,,,/brands/hugo-boss,1,0
Hugo boss,61,,,/brands/hugo-boss,1,0
Hugo,61,,,/brands/hugo-boss,1,0
Boss,61,,,/brands/hugo-boss,1,0
HugoBoss,61,,,/brands/hugo-boss,1,0
Hugo BOSS,61,,,/brands/hugo-boss,1,0
HugoBos,61,,,/brands/hugo-boss,1,0
Hugo Bbos,61,,,/brands/hugo-boss,1,0
Huge Boss,61,,,/brands/hugo-boss,1,0
Hogo Boss,61,,,/brands/hugo-boss,1,0
Hugo B0ss,61,,,/brands/hugo-boss,1,0
Boss Hugo,61,,,/brands/hugo-boss,1,0
Hugo Boss,62,,,/brands/hugo-boss,1,0
Hugo boss,62,,,/brands/hugo-boss,1,0
Hugo,62,,,/brands/hugo-boss,1,0
Boss,62,,,/brands/hugo-boss,1,0
HugoBoss,62,,,/brands/hugo-boss,1,0
Hugo BOSS,62,,,/brands/hugo-boss,1,0
HugoBos,62,,,/brands/hugo-boss,1,0
Hugo Bbos,62,,,/brands/hugo-boss,1,0
Huge Boss,62,,,/brands/hugo-boss,1,0
Hogo Boss,62,,,/brands/hugo-boss,1,0
Hugo B0ss,62,,,/brands/hugo-boss,1,0
Boss Hugo,62,,,/brands/hugo-boss,1,0
Hugo Boss,63,,,/brands/hugo-boss,1,0
Hugo boss,63,,,/brands/hugo-boss,1,0
Hugo,63,,,/brands/hugo-boss,1,0
Boss,63,,,/brands/hugo-boss,1,0
HugoBoss,63,,,/brands/hugo-boss,1,0
Hugo BOSS,63,,,/brands/hugo-boss,1,0
HugoBos,63,,,/brands/hugo-boss,1,0
Hugo Bbos,63,,,/brands/hugo-boss,1,0
Huge Boss,63,,,/brands/hugo-boss,1,0
Hogo Boss,63,,,/brands/hugo-boss,1,0
Hugo B0ss,63,,,/brands/hugo-boss,1,0
Boss Hugo,63,,,/brands/hugo-boss,1,0
Hugo Boss,64,,,/brands/hugo-boss,1,0
Hugo boss,64,,,/brands/hugo-boss,1,0
Hugo,64,,,/brands/hugo-boss,1,0
Boss,64,,,/brands/hugo-boss,1,0
HugoBoss,64,,,/brands/hugo-boss,1,0
Hugo BOSS,64,,,/brands/hugo-boss,1,0
HugoBos,64,,,/brands/hugo-boss,1,0
Hugo Bbos,64,,,/brands/hugo-boss,1,0
Huge Boss,64,,,/brands/hugo-boss,1,0
Hogo Boss,64,,,/brands/hugo-boss,1,0
Hugo B0ss,64,,,/brands/hugo-boss,1,0
Boss Hugo,64,,,/brands/hugo-boss,1,0
Hugo Boss,65,,,/brands/hugo-boss,1,0
Hugo boss,65,,,/brands/hugo-boss,1,0
Hugo,65,,,/brands/hugo-boss,1,0
Boss,65,,,/brands/hugo-boss,1,0
HugoBoss,65,,,/brands/hugo-boss,1,0
Hugo BOSS,65,,,/brands/hugo-boss,1,0
HugoBos,65,,,/brands/hugo-boss,1,0
Hugo Bbos,65,,,/brands/hugo-boss,1,0
Huge Boss,65,,,/brands/hugo-boss,1,0
Hogo Boss,65,,,/brands/hugo-boss,1,0
Hugo B0ss,65,,,/brands/hugo-boss,1,0
Boss Hugo,65,,,/brands/hugo-boss,1,0
Hugo Boss,66,,,/brands/hugo-boss,1,0
Hugo boss,66,,,/brands/hugo-boss,1,0
Hugo,66,,,/brands/hugo-boss,1,0
Boss,66,,,/brands/hugo-boss,1,0
HugoBoss,66,,,/brands/hugo-boss,1,0
Hugo BOSS,66,,,/brands/hugo-boss,1,0
HugoBos,66,,,/brands/hugo-boss,1,0
Hugo Bbos,66,,,/brands/hugo-boss,1,0
Huge Boss,66,,,/brands/hugo-boss,1,0
Hogo Boss,66,,,/brands/hugo-boss,1,0
Hugo B0ss,66,,,/brands/hugo-boss,1,0
Boss Hugo,66,,,/brands/hugo-boss,1,0
Hugo Boss,73,,,/brands/hugo-boss,1,0
Hugo boss,73,,,/brands/hugo-boss,1,0
Hugo,73,,,/brands/hugo-boss,1,0
Boss,73,,,/brands/hugo-boss,1,0
HugoBoss,73,,,/brands/hugo-boss,1,0
Hugo BOSS,73,,,/brands/hugo-boss,1,0
HugoBos,73,,,/brands/hugo-boss,1,0
Hugo Bbos,73,,,/brands/hugo-boss,1,0
Huge Boss,73,,,/brands/hugo-boss,1,0
Hogo Boss,73,,,/brands/hugo-boss,1,0
Hugo B0ss,73,,,/brands/hugo-boss,1,0
Boss Hugo,73,,,/brands/hugo-boss,1,0
Hugo Boss,74,,,/brands/hugo-boss,1,0
Hugo boss,74,,,/brands/hugo-boss,1,0
Hugo,74,,,/brands/hugo-boss,1,0
Boss,74,,,/brands/hugo-boss,1,0
HugoBoss,74,,,/brands/hugo-boss,1,0
Hugo BOSS,74,,,/brands/hugo-boss,1,0
HugoBos,74,,,/brands/hugo-boss,1,0
Hugo Bbos,74,,,/brands/hugo-boss,1,0
Huge Boss,74,,,/brands/hugo-boss,1,0
Hogo Boss,74,,,/brands/hugo-boss,1,0
Hugo B0ss,74,,,/brands/hugo-boss,1,0
Boss Hugo,74,,,/brands/hugo-boss,1,0
Hugo Boss,75,,,/brands/hugo-boss,1,0
Hugo boss,75,,,/brands/hugo-boss,1,0
Hugo,75,,,/brands/hugo-boss,1,0
Boss,75,,,/brands/hugo-boss,1,0
HugoBoss,75,,,/brands/hugo-boss,1,0
Hugo BOSS,75,,,/brands/hugo-boss,1,0
HugoBos,75,,,/brands/hugo-boss,1,0
Hugo Bbos,75,,,/brands/hugo-boss,1,0
Huge Boss,75,,,/brands/hugo-boss,1,0
Hogo Boss,75,,,/brands/hugo-boss,1,0
Hugo B0ss,75,,,/brands/hugo-boss,1,0
Boss Hugo,75,,,/brands/hugo-boss,1,0
Hugo Boss,76,,,/brands/hugo-boss,1,0
Hugo boss,76,,,/brands/hugo-boss,1,0
Hugo,76,,,/brands/hugo-boss,1,0
Boss,76,,,/brands/hugo-boss,1,0
HugoBoss,76,,,/brands/hugo-boss,1,0
Hugo BOSS,76,,,/brands/hugo-boss,1,0
HugoBos,76,,,/brands/hugo-boss,1,0
Hugo Bbos,76,,,/brands/hugo-boss,1,0
Huge Boss,76,,,/brands/hugo-boss,1,0
Hogo Boss,76,,,/brands/hugo-boss,1,0
Hugo B0ss,76,,,/brands/hugo-boss,1,0
Boss Hugo,76,,,/brands/hugo-boss,1,0
Hugo Boss,77,,,/brands/hugo-boss,1,0
Hugo boss,77,,,/brands/hugo-boss,1,0
Hugo,77,,,/brands/hugo-boss,1,0
Boss,77,,,/brands/hugo-boss,1,0
HugoBoss,77,,,/brands/hugo-boss,1,0
Hugo BOSS,77,,,/brands/hugo-boss,1,0
HugoBos,77,,,/brands/hugo-boss,1,0
Hugo Bbos,77,,,/brands/hugo-boss,1,0
Huge Boss,77,,,/brands/hugo-boss,1,0
Hogo Boss,77,,,/brands/hugo-boss,1,0
Hugo B0ss,77,,,/brands/hugo-boss,1,0
Boss Hugo,77,,,/brands/hugo-boss,1,0
Hugo Boss,78,,,/brands/hugo-boss,1,0
Hugo boss,78,,,/brands/hugo-boss,1,0
Hugo,78,,,/brands/hugo-boss,1,0
Boss,78,,,/brands/hugo-boss,1,0
HugoBoss,78,,,/brands/hugo-boss,1,0
Hugo BOSS,78,,,/brands/hugo-boss,1,0
HugoBos,78,,,/brands/hugo-boss,1,0
Hugo Bbos,78,,,/brands/hugo-boss,1,0
Huge Boss,78,,,/brands/hugo-boss,1,0
Hogo Boss,78,,,/brands/hugo-boss,1,0
Hugo B0ss,78,,,/brands/hugo-boss,1,0
Boss Hugo,78,,,/brands/hugo-boss,1,0
Hugo Boss,79,,,/brands/hugo-boss,1,0
Hugo boss,79,,,/brands/hugo-boss,1,0
Hugo,79,,,/brands/hugo-boss,1,0
Boss,79,,,/brands/hugo-boss,1,0
HugoBoss,79,,,/brands/hugo-boss,1,0
Hugo BOSS,79,,,/brands/hugo-boss,1,0
HugoBos,79,,,/brands/hugo-boss,1,0
Hugo Bbos,79,,,/brands/hugo-boss,1,0
Huge Boss,79,,,/brands/hugo-boss,1,0
Hogo Boss,79,,,/brands/hugo-boss,1,0
Hugo B0ss,79,,,/brands/hugo-boss,1,0
Boss Hugo,79,,,/brands/hugo-boss,1,0
Hugo Boss,80,,,/brands/hugo-boss,1,0
Hugo boss,80,,,/brands/hugo-boss,1,0
Hugo,80,,,/brands/hugo-boss,1,0
Boss,80,,,/brands/hugo-boss,1,0
HugoBoss,80,,,/brands/hugo-boss,1,0
Hugo BOSS,80,,,/brands/hugo-boss,1,0
HugoBos,80,,,/brands/hugo-boss,1,0
Hugo Bbos,80,,,/brands/hugo-boss,1,0
Huge Boss,80,,,/brands/hugo-boss,1,0
Hogo Boss,80,,,/brands/hugo-boss,1,0
Hugo B0ss,80,,,/brands/hugo-boss,1,0
Boss Hugo,80,,,/brands/hugo-boss,1,0
Hugo Boss,82,,,/brands/hugo-boss,1,0
Hugo boss,82,,,/brands/hugo-boss,1,0
Hugo,82,,,/brands/hugo-boss,1,0
Boss,82,,,/brands/hugo-boss,1,0
HugoBoss,82,,,/brands/hugo-boss,1,0
Hugo BOSS,82,,,/brands/hugo-boss,1,0
HugoBos,82,,,/brands/hugo-boss,1,0
Hugo Bbos,82,,,/brands/hugo-boss,1,0
Huge Boss,82,,,/brands/hugo-boss,1,0
Hogo Boss,82,,,/brands/hugo-boss,1,0
Hugo B0ss,82,,,/brands/hugo-boss,1,0
Boss Hugo,82,,,/brands/hugo-boss,1,0
Hugo Boss,84,,,/brands/hugo-boss,1,0
Hugo boss,84,,,/brands/hugo-boss,1,0
Hugo,84,,,/brands/hugo-boss,1,0
Boss,84,,,/brands/hugo-boss,1,0
HugoBoss,84,,,/brands/hugo-boss,1,0
Hugo BOSS,84,,,/brands/hugo-boss,1,0
HugoBos,84,,,/brands/hugo-boss,1,0
Hugo Bbos,84,,,/brands/hugo-boss,1,0
Huge Boss,84,,,/brands/hugo-boss,1,0
Hogo Boss,84,,,/brands/hugo-boss,1,0
Hugo B0ss,84,,,/brands/hugo-boss,1,0
Boss Hugo,84,,,/brands/hugo-boss,1,0
Hugo Boss,85,,,/brands/hugo-boss,1,0
Hugo boss,85,,,/brands/hugo-boss,1,0
Hugo,85,,,/brands/hugo-boss,1,0
Boss,85,,,/brands/hugo-boss,1,0
HugoBoss,85,,,/brands/hugo-boss,1,0
Hugo BOSS,85,,,/brands/hugo-boss,1,0
HugoBos,85,,,/brands/hugo-boss,1,0
Hugo Bbos,85,,,/brands/hugo-boss,1,0
Huge Boss,85,,,/brands/hugo-boss,1,0
Hogo Boss,85,,,/brands/hugo-boss,1,0
Hugo B0ss,85,,,/brands/hugo-boss,1,0
Boss Hugo,85,,,/brands/hugo-boss,1,0
Hugo Boss,86,,,/brands/hugo-boss,1,0
Hugo boss,86,,,/brands/hugo-boss,1,0
Hugo,86,,,/brands/hugo-boss,1,0
Boss,86,,,/brands/hugo-boss,1,0
HugoBoss,86,,,/brands/hugo-boss,1,0
Hugo BOSS,86,,,/brands/hugo-boss,1,0
HugoBos,86,,,/brands/hugo-boss,1,0
Hugo Bbos,86,,,/brands/hugo-boss,1,0
Huge Boss,86,,,/brands/hugo-boss,1,0
Hogo Boss,86,,,/brands/hugo-boss,1,0
Hugo B0ss,86,,,/brands/hugo-boss,1,0
Boss Hugo,86,,,/brands/hugo-boss,1,0
Hugo Boss,87,,,/brands/hugo-boss,1,0
Hugo boss,87,,,/brands/hugo-boss,1,0
Hugo,87,,,/brands/hugo-boss,1,0
Boss,87,,,/brands/hugo-boss,1,0
HugoBoss,87,,,/brands/hugo-boss,1,0
Hugo BOSS,87,,,/brands/hugo-boss,1,0
HugoBos,87,,,/brands/hugo-boss,1,0
Hugo Bbos,87,,,/brands/hugo-boss,1,0
Huge Boss,87,,,/brands/hugo-boss,1,0
Hogo Boss,87,,,/brands/hugo-boss,1,0
Hugo B0ss,87,,,/brands/hugo-boss,1,0
Boss Hugo,87,,,/brands/hugo-boss,1,0
Hugo Boss,88,,,/brands/hugo-boss,1,0
Hugo boss,88,,,/brands/hugo-boss,1,0
Hugo,88,,,/brands/hugo-boss,1,0
Boss,88,,,/brands/hugo-boss,1,0
HugoBoss,88,,,/brands/hugo-boss,1,0
Hugo BOSS,88,,,/brands/hugo-boss,1,0
HugoBos,88,,,/brands/hugo-boss,1,0
Hugo Bbos,88,,,/brands/hugo-boss,1,0
Huge Boss,88,,,/brands/hugo-boss,1,0
Hogo Boss,88,,,/brands/hugo-boss,1,0
Hugo B0ss,88,,,/brands/hugo-boss,1,0
Boss Hugo,88,,,/brands/hugo-boss,1,0
Hugo Boss,89,,,/brands/hugo-boss,1,0
Hugo boss,89,,,/brands/hugo-boss,1,0
Hugo,89,,,/brands/hugo-boss,1,0
Boss,89,,,/brands/hugo-boss,1,0
HugoBoss,89,,,/brands/hugo-boss,1,0
Hugo BOSS,89,,,/brands/hugo-boss,1,0
HugoBos,89,,,/brands/hugo-boss,1,0
Hugo Bbos,89,,,/brands/hugo-boss,1,0
Huge Boss,89,,,/brands/hugo-boss,1,0
Hogo Boss,89,,,/brands/hugo-boss,1,0
Hugo B0ss,89,,,/brands/hugo-boss,1,0
Boss Hugo,89,,,/brands/hugo-boss,1,0
Hugo Boss,95,,,/brands/hugo-boss,1,0
Hugo boss,95,,,/brands/hugo-boss,1,0
Hugo,95,,,/brands/hugo-boss,1,0
Boss,95,,,/brands/hugo-boss,1,0
HugoBoss,95,,,/brands/hugo-boss,1,0
Hugo BOSS,95,,,/brands/hugo-boss,1,0
HugoBos,95,,,/brands/hugo-boss,1,0
Hugo Bbos,95,,,/brands/hugo-boss,1,0
Huge Boss,95,,,/brands/hugo-boss,1,0
Hogo Boss,95,,,/brands/hugo-boss,1,0
Hugo B0ss,95,,,/brands/hugo-boss,1,0
Boss Hugo,95,,,/brands/hugo-boss,1,0
Hugo Boss,96,,,/brands/hugo-boss,1,0
Hugo boss,96,,,/brands/hugo-boss,1,0
Hugo,96,,,/brands/hugo-boss,1,0
Boss,96,,,/brands/hugo-boss,1,0
HugoBoss,96,,,/brands/hugo-boss,1,0
Hugo BOSS,96,,,/brands/hugo-boss,1,0
HugoBos,96,,,/brands/hugo-boss,1,0
Hugo Bbos,96,,,/brands/hugo-boss,1,0
Huge Boss,96,,,/brands/hugo-boss,1,0
Hogo Boss,96,,,/brands/hugo-boss,1,0
Hugo B0ss,96,,,/brands/hugo-boss,1,0
Boss Hugo,96,,,/brands/hugo-boss,1,0
Hugo Boss,99,,,/brands/hugo-boss,1,0
Hugo boss,99,,,/brands/hugo-boss,1,0
Hugo,99,,,/brands/hugo-boss,1,0
Boss,99,,,/brands/hugo-boss,1,0
HugoBoss,99,,,/brands/hugo-boss,1,0
Hugo BOSS,99,,,/brands/hugo-boss,1,0
HugoBos,99,,,/brands/hugo-boss,1,0
Hugo Bbos,99,,,/brands/hugo-boss,1,0
Huge Boss,99,,,/brands/hugo-boss,1,0
Hogo Boss,99,,,/brands/hugo-boss,1,0
Hugo B0ss,99,,,/brands/hugo-boss,1,0
Boss Hugo,99,,,/brands/hugo-boss,1,0
Hugo Boss,102,,,/brands/hugo-boss,1,0
Hugo boss,102,,,/brands/hugo-boss,1,0
Hugo,102,,,/brands/hugo-boss,1,0
Boss,102,,,/brands/hugo-boss,1,0
HugoBoss,102,,,/brands/hugo-boss,1,0
Hugo BOSS,102,,,/brands/hugo-boss,1,0
HugoBos,102,,,/brands/hugo-boss,1,0
Hugo Bbos,102,,,/brands/hugo-boss,1,0
Huge Boss,102,,,/brands/hugo-boss,1,0
Hogo Boss,102,,,/brands/hugo-boss,1,0
Hugo B0ss,102,,,/brands/hugo-boss,1,0
Boss Hugo,102,,,/brands/hugo-boss,1,0
Hugo Boss,103,,,/brands/hugo-boss,1,0
Hugo boss,103,,,/brands/hugo-boss,1,0
Hugo,103,,,/brands/hugo-boss,1,0
Boss,103,,,/brands/hugo-boss,1,0
HugoBoss,103,,,/brands/hugo-boss,1,0
Hugo BOSS,103,,,/brands/hugo-boss,1,0
HugoBos,103,,,/brands/hugo-boss,1,0
Hugo Bbos,103,,,/brands/hugo-boss,1,0
Huge Boss,103,,,/brands/hugo-boss,1,0
Hogo Boss,103,,,/brands/hugo-boss,1,0
Hugo B0ss,103,,,/brands/hugo-boss,1,0
Boss Hugo,103,,,/brands/hugo-boss,1,0
Hugo Boss,104,,,/brands/hugo-boss,1,0
Hugo boss,104,,,/brands/hugo-boss,1,0
Hugo,104,,,/brands/hugo-boss,1,0
Boss,104,,,/brands/hugo-boss,1,0
HugoBoss,104,,,/brands/hugo-boss,1,0
Hugo BOSS,104,,,/brands/hugo-boss,1,0
HugoBos,104,,,/brands/hugo-boss,1,0
Hugo Bbos,104,,,/brands/hugo-boss,1,0
Huge Boss,104,,,/brands/hugo-boss,1,0
Hogo Boss,104,,,/brands/hugo-boss,1,0
Hugo B0ss,104,,,/brands/hugo-boss,1,0
Boss Hugo,104,,,/brands/hugo-boss,1,0
Hugo Boss,106,,,/brands/hugo-boss,1,0
Hugo boss,106,,,/brands/hugo-boss,1,0
Hugo,106,,,/brands/hugo-boss,1,0
Boss,106,,,/brands/hugo-boss,1,0
HugoBoss,106,,,/brands/hugo-boss,1,0
Hugo BOSS,106,,,/brands/hugo-boss,1,0
HugoBos,106,,,/brands/hugo-boss,1,0
Hugo Bbos,106,,,/brands/hugo-boss,1,0
Huge Boss,106,,,/brands/hugo-boss,1,0
Hogo Boss,106,,,/brands/hugo-boss,1,0
Hugo B0ss,106,,,/brands/hugo-boss,1,0
Boss Hugo,106,,,/brands/hugo-boss,1,0
Hugo Boss,142,,,/brands/hugo-boss,1,0
Hugo boss,142,,,/brands/hugo-boss,1,0
Hugo,142,,,/brands/hugo-boss,1,0
Boss,142,,,/brands/hugo-boss,1,0
HugoBoss,142,,,/brands/hugo-boss,1,0
Hugo BOSS,142,,,/brands/hugo-boss,1,0
HugoBos,142,,,/brands/hugo-boss,1,0
Hugo Bbos,142,,,/brands/hugo-boss,1,0
Huge Boss,142,,,/brands/hugo-boss,1,0
Hogo Boss,142,,,/brands/hugo-boss,1,0
Hugo B0ss,142,,,/brands/hugo-boss,1,0
Boss Hugo,142,,,/brands/hugo-boss,1,0
Hugo Boss,143,,,/brands/hugo-boss,1,0
Hugo boss,143,,,/brands/hugo-boss,1,0
Hugo,143,,,/brands/hugo-boss,1,0
Boss,143,,,/brands/hugo-boss,1,0
HugoBoss,143,,,/brands/hugo-boss,1,0
Hugo BOSS,143,,,/brands/hugo-boss,1,0
HugoBos,143,,,/brands/hugo-boss,1,0
Hugo Bbos,143,,,/brands/hugo-boss,1,0
Huge Boss,143,,,/brands/hugo-boss,1,0
Hogo Boss,143,,,/brands/hugo-boss,1,0
Hugo B0ss,143,,,/brands/hugo-boss,1,0
Boss Hugo,143,,,/brands/hugo-boss,1,0
Hugo Boss,144,,,/brands/hugo-boss,1,0
Hugo boss,144,,,/brands/hugo-boss,1,0
Hugo,144,,,/brands/hugo-boss,1,0
Boss,144,,,/brands/hugo-boss,1,0
HugoBoss,144,,,/brands/hugo-boss,1,0
Hugo BOSS,144,,,/brands/hugo-boss,1,0
HugoBos,144,,,/brands/hugo-boss,1,0
Hugo Bbos,144,,,/brands/hugo-boss,1,0
Huge Boss,144,,,/brands/hugo-boss,1,0
Hogo Boss,144,,,/brands/hugo-boss,1,0
Hugo B0ss,144,,,/brands/hugo-boss,1,0
Boss Hugo,144,,,/brands/hugo-boss,1,0
Hugo Boss,145,,,/brands/hugo-boss,1,0
Hugo boss,145,,,/brands/hugo-boss,1,0
Hugo,145,,,/brands/hugo-boss,1,0
Boss,145,,,/brands/hugo-boss,1,0
HugoBoss,145,,,/brands/hugo-boss,1,0
Hugo BOSS,145,,,/brands/hugo-boss,1,0
HugoBos,145,,,/brands/hugo-boss,1,0
Hugo Bbos,145,,,/brands/hugo-boss,1,0
Huge Boss,145,,,/brands/hugo-boss,1,0
Hogo Boss,145,,,/brands/hugo-boss,1,0
Hugo B0ss,145,,,/brands/hugo-boss,1,0
Boss Hugo,145,,,/brands/hugo-boss,1,0
Hugo Boss,146,,,/brands/hugo-boss,1,0
Hugo boss,146,,,/brands/hugo-boss,1,0
Hugo,146,,,/brands/hugo-boss,1,0
Boss,146,,,/brands/hugo-boss,1,0
HugoBoss,146,,,/brands/hugo-boss,1,0
Hugo BOSS,146,,,/brands/hugo-boss,1,0
HugoBos,146,,,/brands/hugo-boss,1,0
Hugo Bbos,146,,,/brands/hugo-boss,1,0
Huge Boss,146,,,/brands/hugo-boss,1,0
Hogo Boss,146,,,/brands/hugo-boss,1,0
Hugo B0ss,146,,,/brands/hugo-boss,1,0
Boss Hugo,146,,,/brands/hugo-boss,1,0
Hugo Boss,147,,,/brands/hugo-boss,1,0
Hugo boss,147,,,/brands/hugo-boss,1,0
Hugo,147,,,/brands/hugo-boss,1,0
Boss,147,,,/brands/hugo-boss,1,0
HugoBoss,147,,,/brands/hugo-boss,1,0
Hugo BOSS,147,,,/brands/hugo-boss,1,0
HugoBos,147,,,/brands/hugo-boss,1,0
Hugo Bbos,147,,,/brands/hugo-boss,1,0
Huge Boss,147,,,/brands/hugo-boss,1,0
Hogo Boss,147,,,/brands/hugo-boss,1,0
Hugo B0ss,147,,,/brands/hugo-boss,1,0
Boss Hugo,147,,,/brands/hugo-boss,1,0
Hugo Boss,150,,,/brands/hugo-boss,1,0
Hugo boss,150,,,/brands/hugo-boss,1,0
Hugo,150,,,/brands/hugo-boss,1,0
Boss,150,,,/brands/hugo-boss,1,0
HugoBoss,150,,,/brands/hugo-boss,1,0
Hugo BOSS,150,,,/brands/hugo-boss,1,0
HugoBos,150,,,/brands/hugo-boss,1,0
Hugo Bbos,150,,,/brands/hugo-boss,1,0
Huge Boss,150,,,/brands/hugo-boss,1,0
Hogo Boss,150,,,/brands/hugo-boss,1,0
Hugo B0ss,150,,,/brands/hugo-boss,1,0
Boss Hugo,150,,,/brands/hugo-boss,1,0
Hugo Boss,151,,,/brands/hugo-boss,1,0
Hugo boss,151,,,/brands/hugo-boss,1,0
Hugo,151,,,/brands/hugo-boss,1,0
Boss,151,,,/brands/hugo-boss,1,0
HugoBoss,151,,,/brands/hugo-boss,1,0
Hugo BOSS,151,,,/brands/hugo-boss,1,0
HugoBos,151,,,/brands/hugo-boss,1,0
Hugo Bbos,151,,,/brands/hugo-boss,1,0
Huge Boss,151,,,/brands/hugo-boss,1,0
Hogo Boss,151,,,/brands/hugo-boss,1,0
Hugo B0ss,151,,,/brands/hugo-boss,1,0
Boss Hugo,151,,,/brands/hugo-boss,1,0
Hugo Boss,153,,,/brands/hugo-boss,1,0
Hugo boss,153,,,/brands/hugo-boss,1,0
Hugo,153,,,/brands/hugo-boss,1,0
Boss,153,,,/brands/hugo-boss,1,0
HugoBoss,153,,,/brands/hugo-boss,1,0
Hugo BOSS,153,,,/brands/hugo-boss,1,0
HugoBos,153,,,/brands/hugo-boss,1,0
Hugo Bbos,153,,,/brands/hugo-boss,1,0
Huge Boss,153,,,/brands/hugo-boss,1,0
Hogo Boss,153,,,/brands/hugo-boss,1,0
Hugo B0ss,153,,,/brands/hugo-boss,1,0
Boss Hugo,153,,,/brands/hugo-boss,1,0
Hugo Boss,154,,,/brands/hugo-boss,1,0
Hugo boss,154,,,/brands/hugo-boss,1,0
Hugo,154,,,/brands/hugo-boss,1,0
Boss,154,,,/brands/hugo-boss,1,0
HugoBoss,154,,,/brands/hugo-boss,1,0
Hugo BOSS,154,,,/brands/hugo-boss,1,0
HugoBos,154,,,/brands/hugo-boss,1,0
Hugo Bbos,154,,,/brands/hugo-boss,1,0
Huge Boss,154,,,/brands/hugo-boss,1,0
Hogo Boss,154,,,/brands/hugo-boss,1,0
Hugo B0ss,154,,,/brands/hugo-boss,1,0
Boss Hugo,154,,,/brands/hugo-boss,1,0
Hugo Boss,155,,,/brands/hugo-boss,1,0
Hugo boss,155,,,/brands/hugo-boss,1,0
Hugo,155,,,/brands/hugo-boss,1,0
Boss,155,,,/brands/hugo-boss,1,0
HugoBoss,155,,,/brands/hugo-boss,1,0
Hugo BOSS,155,,,/brands/hugo-boss,1,0
HugoBos,155,,,/brands/hugo-boss,1,0
Hugo Bbos,155,,,/brands/hugo-boss,1,0
Huge Boss,155,,,/brands/hugo-boss,1,0
Hogo Boss,155,,,/brands/hugo-boss,1,0
Hugo B0ss,155,,,/brands/hugo-boss,1,0
Boss Hugo,155,,,/brands/hugo-boss,1,0
Hugo Boss,156,,,/brands/hugo-boss,1,0
Hugo boss,156,,,/brands/hugo-boss,1,0
Hugo,156,,,/brands/hugo-boss,1,0
Boss,156,,,/brands/hugo-boss,1,0
HugoBoss,156,,,/brands/hugo-boss,1,0
Hugo BOSS,156,,,/brands/hugo-boss,1,0
HugoBos,156,,,/brands/hugo-boss,1,0
Hugo Bbos,156,,,/brands/hugo-boss,1,0
Huge Boss,156,,,/brands/hugo-boss,1,0
Hogo Boss,156,,,/brands/hugo-boss,1,0
Hugo B0ss,156,,,/brands/hugo-boss,1,0
Boss Hugo,156,,,/brands/hugo-boss,1,0
Hugo Boss,157,,,/brands/hugo-boss,1,0
Hugo boss,157,,,/brands/hugo-boss,1,0
Hugo,157,,,/brands/hugo-boss,1,0
Boss,157,,,/brands/hugo-boss,1,0
HugoBoss,157,,,/brands/hugo-boss,1,0
Hugo BOSS,157,,,/brands/hugo-boss,1,0
HugoBos,157,,,/brands/hugo-boss,1,0
Hugo Bbos,157,,,/brands/hugo-boss,1,0
Huge Boss,157,,,/brands/hugo-boss,1,0
Hogo Boss,157,,,/brands/hugo-boss,1,0
Hugo B0ss,157,,,/brands/hugo-boss,1,0
Boss Hugo,157,,,/brands/hugo-boss,1,0
Hugo Boss,160,,,/brands/hugo-boss,1,0
Hugo boss,160,,,/brands/hugo-boss,1,0
Hugo,160,,,/brands/hugo-boss,1,0
Boss,160,,,/brands/hugo-boss,1,0
HugoBoss,160,,,/brands/hugo-boss,1,0
Hugo BOSS,160,,,/brands/hugo-boss,1,0
HugoBos,160,,,/brands/hugo-boss,1,0
Hugo Bbos,160,,,/brands/hugo-boss,1,0
Huge Boss,160,,,/brands/hugo-boss,1,0
Hogo Boss,160,,,/brands/hugo-boss,1,0
Hugo B0ss,160,,,/brands/hugo-boss,1,0
Boss Hugo,160,,,/brands/hugo-boss,1,0
Hugo Boss,189,,,/brands/hugo-boss,1,0
Hugo boss,189,,,/brands/hugo-boss,1,0
Hugo,189,,,/brands/hugo-boss,1,0
Boss,189,,,/brands/hugo-boss,1,0
HugoBoss,189,,,/brands/hugo-boss,1,0
Hugo BOSS,189,,,/brands/hugo-boss,1,0
HugoBos,189,,,/brands/hugo-boss,1,0
Hugo Bbos,189,,,/brands/hugo-boss,1,0
Huge Boss,189,,,/brands/hugo-boss,1,0
Hogo Boss,189,,,/brands/hugo-boss,1,0
Hugo B0ss,189,,,/brands/hugo-boss,1,0
Boss Hugo,189,,,/brands/hugo-boss,1,0
Hugo Boss,191,,,/brands/hugo-boss,1,0
Hugo boss,191,,,/brands/hugo-boss,1,0
Hugo,191,,,/brands/hugo-boss,1,0
Boss,191,,,/brands/hugo-boss,1,0
HugoBoss,191,,,/brands/hugo-boss,1,0
Hugo BOSS,191,,,/brands/hugo-boss,1,0
HugoBos,191,,,/brands/hugo-boss,1,0
Hugo Bbos,191,,,/brands/hugo-boss,1,0
Huge Boss,191,,,/brands/hugo-boss,1,0
Hogo Boss,191,,,/brands/hugo-boss,1,0
Hugo B0ss,191,,,/brands/hugo-boss,1,0
Boss Hugo,191,,,/brands/hugo-boss,1,0
Hugo Boss,192,,,/brands/hugo-boss,1,0
Hugo boss,192,,,/brands/hugo-boss,1,0
Hugo,192,,,/brands/hugo-boss,1,0
Boss,192,,,/brands/hugo-boss,1,0
HugoBoss,192,,,/brands/hugo-boss,1,0
Hugo BOSS,192,,,/brands/hugo-boss,1,0
HugoBos,192,,,/brands/hugo-boss,1,0
Hugo Bbos,192,,,/brands/hugo-boss,1,0
Huge Boss,192,,,/brands/hugo-boss,1,0
Hogo Boss,192,,,/brands/hugo-boss,1,0
Hugo B0ss,192,,,/brands/hugo-boss,1,0
Boss Hugo,192,,,/brands/hugo-boss,1,0
Hugo Boss,193,,,/brands/hugo-boss,1,0
Hugo boss,193,,,/brands/hugo-boss,1,0
Hugo,193,,,/brands/hugo-boss,1,0
Boss,193,,,/brands/hugo-boss,1,0
HugoBoss,193,,,/brands/hugo-boss,1,0
Hugo BOSS,193,,,/brands/hugo-boss,1,0
HugoBos,193,,,/brands/hugo-boss,1,0
Hugo Bbos,193,,,/brands/hugo-boss,1,0
Huge Boss,193,,,/brands/hugo-boss,1,0
Hogo Boss,193,,,/brands/hugo-boss,1,0
Hugo B0ss,193,,,/brands/hugo-boss,1,0
Boss Hugo,193,,,/brands/hugo-boss,1,0
Hugo Boss,194,,,/brands/hugo-boss,1,0
Hugo boss,194,,,/brands/hugo-boss,1,0
Hugo,194,,,/brands/hugo-boss,1,0
Boss,194,,,/brands/hugo-boss,1,0
HugoBoss,194,,,/brands/hugo-boss,1,0
Hugo BOSS,194,,,/brands/hugo-boss,1,0
HugoBos,194,,,/brands/hugo-boss,1,0
Hugo Bbos,194,,,/brands/hugo-boss,1,0
Huge Boss,194,,,/brands/hugo-boss,1,0
Hogo Boss,194,,,/brands/hugo-boss,1,0
Hugo B0ss,194,,,/brands/hugo-boss,1,0
Boss Hugo,194,,,/brands/hugo-boss,1,0
Hugo Boss,195,,,/brands/hugo-boss,1,0
Hugo boss,195,,,/brands/hugo-boss,1,0
Hugo,195,,,/brands/hugo-boss,1,0
Boss,195,,,/brands/hugo-boss,1,0
HugoBoss,195,,,/brands/hugo-boss,1,0
Hugo BOSS,195,,,/brands/hugo-boss,1,0
HugoBos,195,,,/brands/hugo-boss,1,0
Hugo Bbos,195,,,/brands/hugo-boss,1,0
Huge Boss,195,,,/brands/hugo-boss,1,0
Hogo Boss,195,,,/brands/hugo-boss,1,0
Hugo B0ss,195,,,/brands/hugo-boss,1,0
Boss Hugo,195,,,/brands/hugo-boss,1,0
Hugo Boss,196,,,/brands/hugo-boss,1,0
Hugo boss,196,,,/brands/hugo-boss,1,0
Hugo,196,,,/brands/hugo-boss,1,0
Boss,196,,,/brands/hugo-boss,1,0
HugoBoss,196,,,/brands/hugo-boss,1,0
Hugo BOSS,196,,,/brands/hugo-boss,1,0
HugoBos,196,,,/brands/hugo-boss,1,0
Hugo Bbos,196,,,/brands/hugo-boss,1,0
Huge Boss,196,,,/brands/hugo-boss,1,0
Hogo Boss,196,,,/brands/hugo-boss,1,0
Hugo B0ss,196,,,/brands/hugo-boss,1,0
Boss Hugo,196,,,/brands/hugo-boss,1,0
Hugo Boss,197,,,/brands/hugo-boss,1,0
Hugo boss,197,,,/brands/hugo-boss,1,0
Hugo,197,,,/brands/hugo-boss,1,0
Boss,197,,,/brands/hugo-boss,1,0
HugoBoss,197,,,/brands/hugo-boss,1,0
Hugo BOSS,197,,,/brands/hugo-boss,1,0
HugoBos,197,,,/brands/hugo-boss,1,0
Hugo Bbos,197,,,/brands/hugo-boss,1,0
Huge Boss,197,,,/brands/hugo-boss,1,0
Hogo Boss,197,,,/brands/hugo-boss,1,0
Hugo B0ss,197,,,/brands/hugo-boss,1,0
Boss Hugo,197,,,/brands/hugo-boss,1,0
Hugo Boss,198,,,/brands/hugo-boss,1,0
Hugo boss,198,,,/brands/hugo-boss,1,0
Hugo,198,,,/brands/hugo-boss,1,0
Boss,198,,,/brands/hugo-boss,1,0
HugoBoss,198,,,/brands/hugo-boss,1,0
Hugo BOSS,198,,,/brands/hugo-boss,1,0
HugoBos,198,,,/brands/hugo-boss,1,0
Hugo Bbos,198,,,/brands/hugo-boss,1,0
Huge Boss,198,,,/brands/hugo-boss,1,0
Hogo Boss,198,,,/brands/hugo-boss,1,0
Hugo B0ss,198,,,/brands/hugo-boss,1,0
Boss Hugo,198,,,/brands/hugo-boss,1,0
Hugo Boss,210,,,/brands/hugo-boss,1,0
Hugo boss,210,,,/brands/hugo-boss,1,0
Hugo,210,,,/brands/hugo-boss,1,0
Boss,210,,,/brands/hugo-boss,1,0
HugoBoss,210,,,/brands/hugo-boss,1,0
Hugo BOSS,210,,,/brands/hugo-boss,1,0
HugoBos,210,,,/brands/hugo-boss,1,0
Hugo Bbos,210,,,/brands/hugo-boss,1,0
Huge Boss,210,,,/brands/hugo-boss,1,0
Hogo Boss,210,,,/brands/hugo-boss,1,0
Hugo B0ss,210,,,/brands/hugo-boss,1,0
Boss Hugo,210,,,/brands/hugo-boss,1,0
Hugo Boss,21,,,/brands/hugo-boss,1,0
Hugo boss,21,,,/brands/hugo-boss,1,0
Hugo,21,,,/brands/hugo-boss,1,0
Boss,21,,,/brands/hugo-boss,1,0
HugoBoss,21,,,/brands/hugo-boss,1,0
Hugo BOSS,21,,,/brands/hugo-boss,1,0
HugoBos,21,,,/brands/hugo-boss,1,0
Hugo Bbos,21,,,/brands/hugo-boss,1,0
Huge Boss,21,,,/brands/hugo-boss,1,0
Hogo Boss,21,,,/brands/hugo-boss,1,0
Hugo B0ss,21,,,/brands/hugo-boss,1,0
Boss Hugo,21,,,/brands/hugo-boss,1,0
Hugo Boss,152,,,/brands/hugo-boss,1,0
Hugo boss,152,,,/brands/hugo-boss,1,0
Hugo,152,,,/brands/hugo-boss,1,0
Boss,152,,,/brands/hugo-boss,1,0
HugoBoss,152,,,/brands/hugo-boss,1,0
Hugo BOSS,152,,,/brands/hugo-boss,1,0
HugoBos,152,,,/brands/hugo-boss,1,0
Hugo Bbos,152,,,/brands/hugo-boss,1,0
Huge Boss,152,,,/brands/hugo-boss,1,0
Hogo Boss,152,,,/brands/hugo-boss,1,0
Hugo B0ss,152,,,/brands/hugo-boss,1,0
Boss Hugo,152,,,/brands/hugo-boss,1,0
Hugo Boss,44,,,/brands/hugo-boss,1,0
Hugo boss,44,,,/brands/hugo-boss,1,0
Hugo,44,,,/brands/hugo-boss,1,0
Boss,44,,,/brands/hugo-boss,1,0
HugoBoss,44,,,/brands/hugo-boss,1,0
Hugo BOSS,44,,,/brands/hugo-boss,1,0
HugoBos,44,,,/brands/hugo-boss,1,0
Hugo Bbos,44,,,/brands/hugo-boss,1,0
Huge Boss,44,,,/brands/hugo-boss,1,0
Hogo Boss,44,,,/brands/hugo-boss,1,0
Hugo B0ss,44,,,/brands/hugo-boss,1,0
Boss Hugo,44,,,/brands/hugo-boss,1,0
Hugo Boss,56,,,/brands/hugo-boss,1,0
Hugo boss,56,,,/brands/hugo-boss,1,0
Hugo,56,,,/brands/hugo-boss,1,0
Boss,56,,,/brands/hugo-boss,1,0
HugoBoss,56,,,/brands/hugo-boss,1,0
Hugo BOSS,56,,,/brands/hugo-boss,1,0
HugoBos,56,,,/brands/hugo-boss,1,0
Hugo Bbos,56,,,/brands/hugo-boss,1,0
Huge Boss,56,,,/brands/hugo-boss,1,0
Hogo Boss,56,,,/brands/hugo-boss,1,0
Hugo B0ss,56,,,/brands/hugo-boss,1,0
Boss Hugo,56,,,/brands/hugo-boss,1,0
Hugo Boss,83,,,/brands/hugo-boss,1,0
Hugo boss,83,,,/brands/hugo-boss,1,0
Hugo,83,,,/brands/hugo-boss,1,0
Boss,83,,,/brands/hugo-boss,1,0
HugoBoss,83,,,/brands/hugo-boss,1,0
Hugo BOSS,83,,,/brands/hugo-boss,1,0
HugoBos,83,,,/brands/hugo-boss,1,0
Hugo Bbos,83,,,/brands/hugo-boss,1,0
Huge Boss,83,,,/brands/hugo-boss,1,0
Hogo Boss,83,,,/brands/hugo-boss,1,0
Hugo B0ss,83,,,/brands/hugo-boss,1,0
Boss Hugo,83,,,/brands/hugo-boss,1,0
Hugo Boss,129,,,/brands/hugo-boss,1,0
Hugo boss,129,,,/brands/hugo-boss,1,0
Hugo,129,,,/brands/hugo-boss,1,0
Boss,129,,,/brands/hugo-boss,1,0
HugoBoss,129,,,/brands/hugo-boss,1,0
Hugo BOSS,129,,,/brands/hugo-boss,1,0
HugoBos,129,,,/brands/hugo-boss,1,0
Hugo Bbos,129,,,/brands/hugo-boss,1,0
Huge Boss,129,,,/brands/hugo-boss,1,0
Hogo Boss,129,,,/brands/hugo-boss,1,0
Hugo B0ss,129,,,/brands/hugo-boss,1,0
Boss Hugo,129,,,/brands/hugo-boss,1,0
Hugo Boss,162,,,/brands/hugo-boss,1,0
Hugo boss,162,,,/brands/hugo-boss,1,0
Hugo,162,,,/brands/hugo-boss,1,0
Boss,162,,,/brands/hugo-boss,1,0
HugoBoss,162,,,/brands/hugo-boss,1,0
Hugo BOSS,162,,,/brands/hugo-boss,1,0
HugoBos,162,,,/brands/hugo-boss,1,0
Hugo Bbos,162,,,/brands/hugo-boss,1,0
Huge Boss,162,,,/brands/hugo-boss,1,0
Hogo Boss,162,,,/brands/hugo-boss,1,0
Hugo B0ss,162,,,/brands/hugo-boss,1,0
Boss Hugo,162,,,/brands/hugo-boss,1,0
Hugo Boss,163,,,/brands/hugo-boss,1,0
Hugo boss,163,,,/brands/hugo-boss,1,0
Hugo,163,,,/brands/hugo-boss,1,0
Boss,163,,,/brands/hugo-boss,1,0
HugoBoss,163,,,/brands/hugo-boss,1,0
Hugo BOSS,163,,,/brands/hugo-boss,1,0
HugoBos,163,,,/brands/hugo-boss,1,0
Hugo Bbos,163,,,/brands/hugo-boss,1,0
Huge Boss,163,,,/brands/hugo-boss,1,0
Hogo Boss,163,,,/brands/hugo-boss,1,0
Hugo B0ss,163,,,/brands/hugo-boss,1,0
Boss Hugo,163,,,/brands/hugo-boss,1,0
Hugo Boss,43,,,/brands/hugo-boss,1,0
Hugo boss,43,,,/brands/hugo-boss,1,0
Hugo,43,,,/brands/hugo-boss,1,0
Boss,43,,,/brands/hugo-boss,1,0
HugoBoss,43,,,/brands/hugo-boss,1,0
Hugo BOSS,43,,,/brands/hugo-boss,1,0
HugoBos,43,,,/brands/hugo-boss,1,0
Hugo Bbos,43,,,/brands/hugo-boss,1,0
Huge Boss,43,,,/brands/hugo-boss,1,0
Hogo Boss,43,,,/brands/hugo-boss,1,0
Hugo B0ss,43,,,/brands/hugo-boss,1,0
Boss Hugo,43,,,/brands/hugo-boss,1,0
Hugo Boss,54,,,/brands/hugo-boss,1,0
Hugo boss,54,,,/brands/hugo-boss,1,0
Hugo,54,,,/brands/hugo-boss,1,0
Boss,54,,,/brands/hugo-boss,1,0
HugoBoss,54,,,/brands/hugo-boss,1,0
Hugo BOSS,54,,,/brands/hugo-boss,1,0
HugoBos,54,,,/brands/hugo-boss,1,0
Hugo Bbos,54,,,/brands/hugo-boss,1,0
Huge Boss,54,,,/brands/hugo-boss,1,0
Hogo Boss,54,,,/brands/hugo-boss,1,0
Hugo B0ss,54,,,/brands/hugo-boss,1,0
Boss Hugo,54,,,/brands/hugo-boss,1,0
Hugo Boss,58,,,/brands/hugo-boss,1,0
Hugo boss,58,,,/brands/hugo-boss,1,0
Hugo,58,,,/brands/hugo-boss,1,0
Boss,58,,,/brands/hugo-boss,1,0
HugoBoss,58,,,/brands/hugo-boss,1,0
Hugo BOSS,58,,,/brands/hugo-boss,1,0
HugoBos,58,,,/brands/hugo-boss,1,0
Hugo Bbos,58,,,/brands/hugo-boss,1,0
Huge Boss,58,,,/brands/hugo-boss,1,0
Hogo Boss,58,,,/brands/hugo-boss,1,0
Hugo B0ss,58,,,/brands/hugo-boss,1,0
Boss Hugo,58,,,/brands/hugo-boss,1,0
Hugo Boss,81,,,/brands/hugo-boss,1,0
Hugo boss,81,,,/brands/hugo-boss,1,0
Hugo,81,,,/brands/hugo-boss,1,0
Boss,81,,,/brands/hugo-boss,1,0
HugoBoss,81,,,/brands/hugo-boss,1,0
Hugo BOSS,81,,,/brands/hugo-boss,1,0
HugoBos,81,,,/brands/hugo-boss,1,0
Hugo Bbos,81,,,/brands/hugo-boss,1,0
Huge Boss,81,,,/brands/hugo-boss,1,0
Hogo Boss,81,,,/brands/hugo-boss,1,0
Hugo B0ss,81,,,/brands/hugo-boss,1,0
Boss Hugo,81,,,/brands/hugo-boss,1,0
Hugo Boss,130,,,/brands/hugo-boss,1,0
Hugo boss,130,,,/brands/hugo-boss,1,0
Hugo,130,,,/brands/hugo-boss,1,0
Boss,130,,,/brands/hugo-boss,1,0
HugoBoss,130,,,/brands/hugo-boss,1,0
Hugo BOSS,130,,,/brands/hugo-boss,1,0
HugoBos,130,,,/brands/hugo-boss,1,0
Hugo Bbos,130,,,/brands/hugo-boss,1,0
Huge Boss,130,,,/brands/hugo-boss,1,0
Hogo Boss,130,,,/brands/hugo-boss,1,0
Hugo B0ss,130,,,/brands/hugo-boss,1,0
Boss Hugo,130,,,/brands/hugo-boss,1,0
Hugo Boss,52,,,/brands/hugo-boss,1,0
Hugo boss,52,,,/brands/hugo-boss,1,0
Hugo,52,,,/brands/hugo-boss,1,0
Boss,52,,,/brands/hugo-boss,1,0
HugoBoss,52,,,/brands/hugo-boss,1,0
Hugo BOSS,52,,,/brands/hugo-boss,1,0
HugoBos,52,,,/brands/hugo-boss,1,0
Hugo Bbos,52,,,/brands/hugo-boss,1,0
Huge Boss,52,,,/brands/hugo-boss,1,0
Hogo Boss,52,,,/brands/hugo-boss,1,0
Hugo B0ss,52,,,/brands/hugo-boss,1,0
Boss Hugo,52,,,/brands/hugo-boss,1,0
Hugo Boss,187,,,/brands/hugo-boss,1,0
Hugo boss,187,,,/brands/hugo-boss,1,0
Hugo,187,,,/brands/hugo-boss,1,0
Boss,187,,,/brands/hugo-boss,1,0
HugoBoss,187,,,/brands/hugo-boss,1,0
Hugo BOSS,187,,,/brands/hugo-boss,1,0
HugoBos,187,,,/brands/hugo-boss,1,0
Hugo Bbos,187,,,/brands/hugo-boss,1,0
Huge Boss,187,,,/brands/hugo-boss,1,0
Hogo Boss,187,,,/brands/hugo-boss,1,0
Hugo B0ss,187,,,/brands/hugo-boss,1,0
Boss Hugo,187,,,/brands/hugo-boss,1,0
Hugo Boss,188,,,/brands/hugo-boss,1,0
Hugo boss,188,,,/brands/hugo-boss,1,0
Hugo,188,,,/brands/hugo-boss,1,0
Boss,188,,,/brands/hugo-boss,1,0
HugoBoss,188,,,/brands/hugo-boss,1,0
Hugo BOSS,188,,,/brands/hugo-boss,1,0
HugoBos,188,,,/brands/hugo-boss,1,0
Hugo Bbos,188,,,/brands/hugo-boss,1,0
Huge Boss,188,,,/brands/hugo-boss,1,0
Hogo Boss,188,,,/brands/hugo-boss,1,0
Hugo B0ss,188,,,/brands/hugo-boss,1,0
Boss Hugo,188,,,/brands/hugo-boss,1,0
